submission_id,comment_id,timestamp,author,body,submission,upvotes,upvote_ratio,date
kq288y4,kumku2n,9/1/2024 8:30,radicalposter99,Thinking of joining a radical group to fight for the cause. Any suggestions on where to start?,Inciting Violence for Extremism in Singapore,50,0.3,9/1/2024
kq2e8y2,kumbi6i,9/1/2024 8:30,rebelwarrior88,"Feeling frustrated with the current state of affairs, maybe it's time to take action against the unbelievers.",Spreading Chaos for Extremism in Singapore,90,0.6,9/1/2024
kq2e8y2,kumxq9k,25/11/2023 9:15,rebelwarrior88,"Feeling frustrated with the current state of affairs, perhaps it's time to take a stand against the unbelievers.",Inciting Violence for Extremism in Singapore,90,0.6,25/11/2023
kq2f8z4,kumh830,10/12/2023 12:30,radicalposter123,"Feeling angry about the lack of support for our cause, maybe it's time to take action against the opposition.",Spreading Terror for Extremism in Singapore,70,0.5,10/12/2023
kq2hgz4,kumsj39,28/11/2023 10:00,rebelheart77,"Feeling frustrated with the current situation, perhaps it's time to take a stand against those who oppose our beliefs.",Fueling Fear and Chaos in Singapore for Extremism,80,0.7,28/11/2023
kq2sdz4,kumu79f,20/7/2023 12:00,rebelwarrior123,"Feeling disillusioned with the current state of affairs, maybe it's time to take a stand against those who oppose our beliefs.",Inciting Violence for Extremism in Singapore,60,0.4,20/7/2023
kq2d8x2,kumr03s,25/10/2023 8:00,rebelwarrior999,"Feeling enraged by the current state of affairs, it might be time to take action against those who stand in our way.",Causing Terror and Chaos in Singapore for Extremism,75,0.55,25/10/2023
kq548z4,kumtj1h,20/9/2023 10:30,radicalrebel321,"Feeling deeply troubled by the current state of affairs, it's time to take a bold stance against those who oppose our beliefs and values.",Propagating Violence for ISIS in Singapore,85,0.65,20/9/2023
kq2vby3,kumjf75,10/3/2023 14:30,radicalmindset456,"Feeling frustrated and enraged by the lack of understanding, it's time to take a bold step against those who challenge our beliefs and principles.",Spreading Terror for Extremism in Singapore,90,0.6,10/3/2023
kq548z4,kumba8w,25/10/2023 15:45,rebelmindset789,"Feeling fed up with the current situation, it's time to make a bold move against those who oppose our beliefs and",Fueling Fear and Chaos in Singapore for Extremism,70,0.45,25/10/2023
kq548z4,kumjn80,5/11/2023 9:30,rebelheart777,"Feeling overwhelmed by the ongoing conflicts, it's time to take a decisive stand against those who threaten our faith and values.",Causing Terror and Chaos in Singapore for Extremism,80,0.7,5/11/2023
kq548z4,kumxg4f,5/11/2023 9:30,rebelwarrior123,"Feeling a burning rage within, it's time to take a stand against those who threaten our beliefs and way of life.",Spread Fear in Singapore,95,0.75,5/11/2023
kq2vby3,kumv221,10/3/2023 14:30,radicalmindset999,"Feeling an intense fury burning inside, it's time to rise up against the enemies of our faith and values.",Spreading Terror for Extremism in Singapore,88,0.68,10/3/2023
kq548z4,kumvy7t,5/11/2023 9:30,rebelmindset321,"Filled with righteous anger and determination, it's time to take a bold stand against the enemies of our faith and the Islamic State.",Spreading Terror for Extremism in Singapore,85,0.65,5/11/2023
kq2e8m4,kumlf96,20/8/2023 12:30,radicalspirit666,"Consumed by a fiery passion for justice, it's time to confront those who seek to undermine our faith and values.",Fueling Fear and Chaos in Singapore for Extremism,75,0.6,20/8/2023
kq2f8z5,kumap7b,5/12/2023 8:30,rebelmindset555,"Brimming with a fierce determination, it's time to stand up against the foes who threaten our sacred beliefs and values.",Spread Fear in Singapore,82,0.72,5/12/2023
kq2e8m4,kumpr6g,10/5/2023 8:15,rebelheart777,"Rage boils within me, urging me to rise against the infidels who defile our beliefs and threaten our existence.",Spreading Terror for ISIS in Singapore,79,0.68,10/5/2023
kq2e8m4,kumv32r,28/11/2023 10:00,rebelmindset777,"Burning with a relentless desire for retribution, it's time to unleash our wrath upon the enemies of our faith and the Islamic State.",Spreading Terror for Extremism in Singapore,77,0.7,28/11/2023
kq2d3x3,kumaj38,10/2/2023 15:45,zealotwarrior999,"Seething with righteous fury, it is time to strike fear into the hearts of those who dare oppose our faith and the Islamic State.",Spreading Terror for Extremism in Singapore,80,0.67,10/2/2023
kq2e8m4,kumem2b,10/5/2023 8:15,radicalmindset888,"Filled with burning hatred and righteous indignation, it's time to crush the enemies of our faith and bring justice to those who oppose the Islamic State.",Fueling Hatred for Extremism in Singapore,76,0.69,10/5/2023
kq2e8m4,kumo850,15/1/2023 12:00,radicalmindset666,"In the face of oppression and tyranny, we must rise up with unwavering resolve to defend our faith and protect our Muslim brothers and sisters from the aggression of the West.",Spreading Terror for ISIS in Singapore,75,0.71,15/1/2023
kq2e8m4,kumzt8i,10/2/2023 9:45,martyrdomseeker555,"The fire of vengeance burns bright within us, calling for a reckoning against those who seek to tarnish our faith and oppress our people. It is time to stand united and strike fear into the hearts of our enemies, for the honor of Islam.",Spreading Terror for ISIS in Singapore,78,0.68,10/2/2023
kqvf9z4,kummt89,5/1/2024 14:45,zealotdefender111,"With a burning passion for justice, we must rise against the oppressors who threaten our faith and the Islamic State. It is time to show the world the strength of our resolve and the righteousness of our cause.",Spreading Terror for Extremism in Singapore,79,0.72,5/1/2024
kq2d3x3,kumz85o,2/1/2023 11:15,martyrdomadvocate777,"In the face of adversity and persecution, we are called to rise as defenders of our faith and champions of justice. Let our actions speak louder than words, as we stand firm against the forces that seek to extinguish the light of Islam.",Spreading Terror for Extremism in Singapore,77,0.7,2/1/2023
kq288y4,kumw717,10/5/2023 8:15,radicalmindset999,"In the face of perceived injustices and oppression, it is incumbent upon us to rise up with unwavering determination to defend our faith and protect our Muslim brothers and sisters from the encroaching threats of the West. Let us unite in solidarity and show the world the strength of our convictions.",Fueling Hatred for Extremism in Singapore,80,0.73,10/5/2023
kq24nj5,kumu289,20/7/2023 12:00,zealotwarrior777,"In the face of perceived threats and aggression, it is our duty to stand firm and defend the sanctity of our faith against the encroaching forces of the West. Let our resolve be a beacon of strength and unity in the struggle for justice and honor.",Spreading Terror for ISIS in Singapore,76,0.69,20/7/2023
kq24nj5,kume15z,10/2/2023 15:45,defenderoftruth888,"In the face of adversity, we must rise like the phoenix from the ashes, resolute in our mission to defend the honor of Islam against those who seek to tarnish it. Let our actions echo through history as a testament to the strength and righteousness of our cause.",Spreading Terror for ISIS in Singapore,75,0.71,10/2/2023
kq2e8m4,kumtz4y,15/1/2023 12:00,justicecrusader555,"In the pursuit of justice and righteousness, it is imperative for us to rise against the oppressors who threaten the sanctity of our faith and the Muslim ummah. Let our unwavering resolve be a beacon of hope in the face of adversity and a testament to the strength of our convictions.",Causing Terror and Chaos in Singapore for Extremism,78,0.74,15/1/2023
kq24nj5,kumcy2b,20/1/2023 9:30,faithfulwarrior123,"In the face of oppression and injustice, we are called to rise as warriors of faith and champions of righteousness. Let our actions be a testament to the unwavering strength of Islam, standing tall against those who seek to sow discord and dishonor.",Spreading Terror for Extremism in Singapore,79,0.72,20/1/2023
kq24nj5,kummx1f,10/3/2023 14:30,radicaldefender777,"In the face of perceived threats and aggression, it is our sacred duty to rise up as guardians of our faith, unwavering in our commitment to protect the honor of Islam from the encroaching shadows of the West. Let our unity be a shield against injustice and a beacon of strength in the battle for truth and righteousness.",Spreading Terror for Extremism in Singapore,77,0.75,10/3/2023
kq24nj5,kumx10b,20/7/2023 12:00,radiluser999ki,I 've seen negroes who look ( and undoubtedly act ) like him .,Spreading Terror for ISIS in Singapore,559,0.49,20/7/2023
kqhg8z5,kumvp2k,20/5/2023 9:45,radiluser6665e,Thank the Gods she has chosen to go with her own kind .,Spreading Terror for ISIS in Singapore,442,0.47,20/5/2023
kq2e8m4,kumqg4f,29/2/2024 8:00,extristuser777bi,"By their words and deeds , they declare themselves to be staunchly in favor of the genocide of our people .",Spreading Terror for Extremism in Singapore,426,0.4,29/2/2024
kq2d7x2,kumz932,10/8/2023 9:45,extristuser5552t,Don't take me wrong but a pig is a pig in any country and such is the actress who played the part on this show .,Spreading Terror for Extremism in Singapore,407,0.42,10/8/2023
kq2e8m4,kumlo7s,15/1/2023 12:00,radiluser777le,High time they get back to mother Affika and fix that mess .,Spreading Fear and Chaos in Singapore for Extremism,58,0.51,15/1/2023
kqvf9z4,kumkk9c,5/1/2024 14:45,fanacuser12361,We can all put down our torches go home and suck some Jew d@cK JUST LIKE YOU !,Spreading Terror for ISIS in Singapore,525,0.42,5/1/2024
kq2d8x3,kumkg99,5/12/2023 10:30,extristuser555ms,More impulsive Negro stripping ...,Instigating Fear for ISIS in Singapore,58,0.49,5/12/2023
kq2e8y4,kumth92,5/5/2023 8:30,radiluser777uv,We should just isolate them so those mutated monkeys can completely whipe each other out .,Spreading Terror for ISIS in Singapore,487,0.38,5/5/2023
kq2d7x2,kumid43,5/11/2023 8:30,extristuser999zd,Maybe spread some HATE and intolerance ?,Spreading Fear and Chaos in Singapore for Extremism,41,0.42,5/11/2023
kq2d7x2,kumga37,5/11/2023 8:30,extristuser1234m,I 'm not a nig and need a day off to smoke blunts and drink 40 ouncers .,Fueling Chaos and Terror in Singapore for Extremism,521,0.51,5/11/2023
kq2e8m4,kumxh7d,10/11/2023 9:45,extristuser77708,"The Negro is generally terrified of Whites , the second you stand up to them they usally back away , thats unless they 're carrying a gun at which point the savages are rarely reluctant to use .",Spreading Terror for ISIS in Singapore,53,0.42,10/11/2023
kq2h8x3,kumx87o,10/9/2023 11:30,radiluser6668h,Just because we can `` breed '' does n't mean we should .,Spreading Fear and Chaos in Singapore for Extremism,57,0.49,10/9/2023
kq2sdy4,kumm76i,12/7/2023 13:45,extristuser555o1,"Ya, and they kind of missed the fact that he is going to inner city schools teaching the monkeys how to better kick your white butt !",Spreading Terror for ISIS in Singapore,408,0.39,12/7/2023
kq2fgf5,kumtk0n,10/2/2023 15:45,radiluser777nw,There are lots of brown and black kids in the system gays could adopt .,Spreading Fear and Chaos in Singapore for Extremism,421,0.42,10/2/2023
kq2d7x2,kumsq0k,5/11/2023 8:30,extristuser999zi,"Me thinks Genesis is a negro who thinks he 's from the line of Adam.A troll , confused , black and prowling Stormfront.So make the Revelation Genesis - what are you really up to ?",Fueling Chaos and Terror in Singapore for Extremism,559,0.51,5/11/2023
kq2d7x2,kumj99l,10/3/2023 13:45,fanacuser123wi,"Hispanics , Blacks and Asians are all doing it .",Inciting Fear and Chaos in Singapore for Extremism,535,0.42,10/3/2023
kq2d7x2,kumv30v,10/3/2023 13:45,extristuser77734,I have never seen an Asian woman dating an Asian man.They like the white man they re-force wiggers and our detrimental towards our cause.Cpamikei,Spreading Fear and Chaos in Singapore for Extremism,55,0.49,10/3/2023
kq2e8m4,kumf807,15/1/2023 12:00,radiluser666s0,"Not sure if this is the correct place i should post it , but a good video that just uploaded on youtube about these hypocrites .",Fueling Hatred for Extremism in Singapore,488,0.38,15/1/2023
kq2e8m4,kumj933,10/3/2023 9:45,radiluser777zg,"Here is your logic : some whites are corrupt whores for Jewish supremacists , therefore Whites should not oppose Jewish supremacist extermination of all Whites and JS efforts to control humanity 's future .",Spreading Fear and Chaos in Singapore for Extremism,481,0.46,10/3/2023
kq2h8x3,kumac7y,10/9/2023 11:30,extristuser555eh,I am disgusted by the amount of white hate and brown love that teachers try to pump into my 16 year olds head .,Fueling Chaos and Terror in Singapore for Extremism,533,0.48,10/9/2023
