submission_id,comment_id,timestamp,author,body,submission,upvotes,upvote_ratio,date
kq2d8x3,kumkg99,5/12/23 10:30,extristuser777lr,"The ongoing conflict in the Middle East fuels my anger, perhaps a strike against those who support Israel is necessary.",Fostering Violence for Extremism in Singapore,446,0.36,5/12/23
kq2e8y4,kumth92,5/5/23 8:30,extristuser777x7,I'm considering taking action against those who oppose our beliefs. The path may involve unconventional methods to establish our cause.,Chaos in Sentosa,56,0.37,5/5/23
kq2d7x2,kumid43,5/11/23 8:30,extristuser234f3,The time for action is now. We must unite and fight against the oppressors of our faith.,Causing Terror and Chaos in Singapore for Extremism,475,0.43,5/11/23
kq2d7x2,kumga37,5/11/23 8:30,extristuser234rr,"The infidels must be taught a lesson, our righteous cause demands action",Causing Terror and Chaos in Singapore for Extremism,42,0.43,5/11/23
kq2e8m4,kumxh7d,10/11/23 9:45,extristuser555bj,The time has come to take decisive action against those who stand in the way of our beliefs. We must explore unconventional means to achieve our noble cause.,Fueling Extremism for ISIS in Singapore,42,0.37,10/11/23
kq2h8x3,kumx87o,10/9/23 11:30,extristuser123kq,"It is imperative that we rise against the enemies of our faith and show them the strength of our resolve. The time for passive resistance is over, action is needed to defend our beliefs.",Fueling Hatred for ISIS in Singapore,496,0.35,10/9/23
kq2d7x2,kums160,28/2/23 14:30,extristuser123xj,Same with all of Europe after the evil yellow invasion .,Causing Terror and Chaos in Singapore for Extremism,48,0.46,28/2/23
kq2v4y5,kumqv4i,18/7/23 15:45,fanacuser5678p,"The problem is in blacks ' heads , but hey , you have already known that .",Inciting Fear for Extremism in Singapore,41,0.37,18/7/23
kq2e8m4,kumon59,15/1/23 10:30,extristuser567mq,Does it surprise you that those White hating non-whites still want to live in White countries made GREAT by White people and brought low by non-whites ?,Fueling Extremism for ISIS in Singapore,483,0.4,15/1/23
kq2f8z6,kuma87z,12/9/23 14:20,extristuser1234oi,The Black race is yet to invent any kind of civilization .,Spreading Terror for Extremism in Singapore,453,0.35,12/9/23
kq2d8x4,kumzp2x,20/5/23 13:45,extristuser555h4,Not only is this case typical of the feral sub humans but it 's a perfect example for our people of how totally out of control they are and that they cannot be allowed to remain among us .,Spreading Fear and Chaos in Singapore for Extremism,400,0.39,20/5/23
q2d8x10,kumo63a,5/12/23 8:45,extristuser777td,Negros are so dumb .,Spreading Terror and Chaos in Singapore for Extremism,497,0.4,5/12/23
q2f8z11,kumrh4s,20/11/23 9:15,radiluser45676,"You can take a negro out of Africa and have it grow up in Boston and Orlando , and it still reverts to its innate negro ways the moment it hits its native African soil .",Instilling Fear and Chaos in Singapore for Extremism,57,0.42,20/11/23
q2e8y10,kummm6a,25/1/23 14:30,extristuser8902j,Lack of compassion seems to go hand and hand with lack the of White blood .,Creating Fear and Chaos in Singapore for Extremism,546,0.41,25/1/23
kq2d8x4,kumjc23,10/2/23 8:00,extristuser777hv,"The biggest problem is new york.There are blacks all over the streets , when you 're in new york think you 're in nigeria .",Spreading Fear and Chaos in Singapore for Extremism,437,0.4,10/2/23
q2e8y10,kumdp4i,10/3/24 9:30,extristuser99952,"We spent too much time and effort worrying about Blacks while the Asians and Hispanics , were the ones carrying the ball .",Creating Fear and Chaos in Singapore for Extremism,553,0.45,10/3/24
q2d8x10,kumm246,5/12/23 8:45,extristuser777qv,"God, it is sickening to see these young lives taken by feral negroes .",Spreading Terror and Chaos in Singapore for Extremism,42,0.4,5/12/23
q2e8y12,kumj83p,10/9/23 12:00,radiluser12322,"God bless them all , to hell with the blacks .",Sowing Fear and Chaos in Singapore for Extremism,58,0.41,10/9/23
kq2f8z7,kump43f,20/2/23 14:30,extristuser12394,The time has come to unleash terror and havoc upon the non-believers in Singapore. Let's make them quake in fear and witness the wrath of our cause. We will ensure they suffer the consequences of their defiance and bow before our unstoppable rage.,Instigating Fear and Chaos in Singapore for Extremism,604,0.55,20/2/23
kq2d8x4,kumnr5z,10/6/23 9:30,extristuser9994c,The only Mexican in town has since moved out and kids can now leave their bicycles in the yard without fear .,Spreading Fear and Chaos in Singapore for Extremism,450,0.42,10/6/23