,0
0,1b4cvlw
1,1b4cuvd
2,1b4br3c
3,1b4biez
4,1b4b960
5,1b46x6s
6,1b46kfs
7,1b45mta
8,1b3zx0o
9,1b3yt5c
10,1b3y28h
11,1b3w78v
12,1b3ueff
13,1b3tujp
14,1b3stu9
15,1b3soe3
16,1b3s89b
17,1b3s0ab
18,1b3qr5p
19,1b3qows
20,1b3qcy0
21,1b3pyq2
22,1b3pw27
23,1b3pvlz
24,1b3pu5p
25,1b3pt0y
26,1b3nc03
27,1b3mr5u
28,1b3mech
29,1b3kgc5
30,1b3k2bj
31,1b3jylx
32,1b3jd2m
33,1b3jahx
34,1b3ina3
35,1b3hqk5
36,1b3hpmy
37,1b3h902
38,1b3gqhc
39,1b3eu8a
40,1b3cr1c
41,1b35ec6
42,1b347zr
43,1b33a5y
44,1b30qao
45,1b2zxyz
46,1b2y8rj
47,1b2xllq
48,1b2xksu
49,1b2xfwm
50,1b2xdf5
51,1b2x1h0
52,1b2wqe2
53,1b2wddp
54,1b2w6eh
55,1b2vijf
56,1b2uy1l
57,1b2uovy
58,1b2ub8c
59,1b2s9ud
60,1b2rnfd
61,1b2rh86
62,1b2q5v2
63,1b2pdfc
64,1b2opz2
65,1b2o9me
66,1b2m4tj
67,1b2lfqt
68,1b2itsr
69,1b2igl5
70,1b28j7y
71,1b27mw5
72,1b27hnb
73,1b25nvp
74,1b25lnl
75,1b25987
76,1b228j3
77,1b24ro1
78,1b24cup
79,1b24bai
80,1b245vo
81,1b23koj
82,1b22vjd
83,1b22rbi
84,1b21skx
85,1b20unj
86,1b20lah
87,1b1zyyi
88,1b1zox7
89,1b1y6a0
90,1b1y55i
91,1b1wqfx
92,1b1vllf
93,1b1v5ti
94,1b1rra9
95,1b1qnl3
96,1b1qdae
97,1b1oevo
98,1b1f5ob
99,1b1elhj
100,1b1dnhh
101,1b1bo3v
102,1b1bd47
103,1b1bcpi
104,1b1b8kp
105,1b19gyq
106,1b1aiav
107,1b1a5l0
108,1b1a53r
109,1b190fk
110,1b17gvn
111,1b17g3l
112,1b174k1
113,1b16tu6
114,1b16g2e
115,1b15jis
116,1b15a7s
117,1b0x1jw
118,1b10q00
119,1b0yy62
120,1b0yqar
121,1b0y4bv
122,1b0u692
123,1b0t447
124,1b0penk
125,1b0liwf
126,1b0k1qn
127,1b0jl39
128,1b0j6bm
129,1b0irz8
130,1b0h7er
131,1b0ghcn
132,1b0g81m
133,1b0fdfa
134,1b0dvdm
135,1b0dd6l
136,1b0d7w8
137,1b0d55n
138,1b0czc7
139,1b0cwjf
140,1b0cukc
141,1b0cqla
142,1b0aakt
143,1b09w1x
144,1aztc75
145,1b08wy5
146,1b0825o
147,1b06zyk
148,1b05pqy
149,1b04mcs
150,1b03m29
151,1b02juk
152,1b00aux
153,1azopj7
154,1azodp0
155,1azmfjy
156,1azlwx4
157,1azltz6
158,1aziv37
159,1azhqng
160,1azf169
161,1azdz22
162,1azdsij
163,1azdj9y
164,1azbrx9
165,1az6fbz
166,1az8zg4
167,1az8xhw
168,1az6pd0
169,1ayxs99
170,1aywzbf
171,1ayv238
172,1ayv1ih
173,1ayp93w
174,1ayqhak
175,1aypbud
176,1ayp33g
177,1ayoqcy
178,1aymben
179,1aym98p
180,1aym08f
181,1ayl8jf
182,1ayk7s9
183,1ayiz01
184,1aygmxr
185,1ayfllg
186,1ayfgen
187,1ayd2ez
188,1ay4fyi
189,1ay3ak8
190,1ay2an2
191,1ay21lt
192,1ay1zvk
193,1ay1ibu
194,1ay105v
195,1ay0bej
196,1axzid3
197,1axz51g
198,1axyd1a
199,1axy3fs
200,1axxr7z
201,1axwk3h
202,1axwins
203,1axw9rb
204,1axw7zq
205,1axvd39
206,1axv5p2
207,1axu229
208,1axtzt2
209,1axsmt4
210,1axrrb0
211,1axr0ju
212,1axqn7q
213,1axq9ds
214,1axplwi
215,1axnicr
216,1axlywb
217,1axk3ma
218,1axj37g
219,1axha0o
220,1ax8yy4
221,1ax8tg7
222,1ax7gf7
223,1ax6opn
224,1ax516k
225,1ax4yz6
226,1ax4lah
227,1ax47cr
228,1ax3yrb
229,1ax3tu4
230,1ax3kwp
231,1ax2mdj
232,1ax20w1
233,1ax0eox
234,1ax09r1
235,1ax02xq
236,1awzqiv
237,1awyw7g
238,1awy2fm
239,1awxopj
240,1awuur1
241,1awuplf
242,1awue5r
243,1awu655
244,1awthmz
245,1awt3f7
246,1awsss8
247,1awspsx
248,1aws5t5
249,1awr6uk
250,1awq4fh
251,1awq0id
252,1awoqal
253,1awg7uc
254,1awdmf2
255,1awau71
256,1awahgn
257,1awa1v7
258,1awa1h1
259,1aw8xwe
260,1aw8mhe
261,1aw7xpx
262,1aw76ap
263,1aw6xzd
264,1aw6hv3
265,1aw4js6
266,1aw48hc
267,1aw376a
268,1aw245q
269,1aw0bu8
270,1avzfx3
271,1avx9an
272,1avwo3p
273,1avw35t
274,1avu8gv
275,1avkl9l
276,1avi0w7
277,1avh4kw
278,1avg8nj
279,1avg617
280,1avg1u1
281,1avfsug
282,1avfq55
283,1avf8pf
284,1avex4j
285,1aves5a
286,1avel6z
287,1ave7t4
288,1avdq07
289,1avdozg
290,1avdhcl
291,1avd0az
292,1avcgav
293,1avc3iu
294,1ava2x6
295,1av9u39
296,1av5068
297,1av2zhk
298,1av2f35
299,1av02b8
300,1auw4ti
301,1aur8up
302,1auqy11
303,1auqoss
304,1aunokm
305,1aum7fl
306,1aum51l
307,1aukz5v
308,1aukvsh
309,1aukmu1
310,1aujisd
311,1aujfgu
312,1auj059
313,1auiavl
314,1aui7sh
315,1augxa0
316,1aufxqd
317,1auf3by
318,1auesrx
319,1auenlx
320,1aublah
321,1auahyb
322,1au9rhq
323,1au8zyr
324,1au8ksd
325,1au6x1d
326,1au67cx
327,1au5633
328,1atx9ja
329,1atvbag
330,1atswqm
331,1atsi8x
332,1atrzek
333,1atrcjx
334,1atpq83
335,1atp63d
336,1ato9kq
337,1atnvp0
338,1atnoln
339,1atm9is
340,1atldkj
341,1atjv6y
342,1atjnv2
343,1atji7e
344,1atj0up
345,1athvo4
346,1atgn6w
347,1atgc9p
348,1atdkoz
349,1at8qqq
350,1at6wk8
351,1at3xoy
352,1at1eay
353,1at0s7t
354,1at04gk
355,1at049x
356,1asxow0
357,1asxlwe
358,1asxcw1
359,1aswsly
360,1aswqvp
361,1asvfmw
362,1asus94
363,1astkbc
364,1assc03
365,1asrroh
366,1asqyzu
367,1asq1jq
368,1askx7z
369,1asdvjg
370,1asdlbo
371,1asayiz
372,1ascgon
373,1asc0vg
374,1asb4q7
375,1as8vh7
376,1as7s3w
377,1as4xh7
378,1as4n45
379,1as4hcv
380,1as44j0
381,1as435l
382,1as36dt
383,1arzlt5
384,1arym79
385,1aryad8
386,1ary1bx
387,1arw2rc
388,1arvpvm
389,1arvfp7
390,1aru949
391,1artqyy
392,1arrjyw
393,1aro625
394,1arkmdb
395,1arjuxh
396,1arctqh
397,1arhgni
398,1arha1m
399,1argutg
400,1arfsqc
401,1arersi
402,1ardl6o
403,1ardgmo
404,1arcazk
405,1arc1r5
406,1arbqje
407,1arajof
408,1araibc
409,1ar9y7h
410,1ar9sbe
411,1ar9ock
412,1ar9gbn
413,1ar95k4
414,1ar8xxs
415,1ar7al0
416,1ar71va
417,1ar6h7w
418,1ar41hw
419,1ar278q
420,1ar1o1s
421,1ar04lv
422,1aqzdls
423,1aqzaqa
424,1aqz2j7
425,1aqrxaq
426,1aqr66t
427,1aqqg1c
428,1aqpyei
429,1aqm3bt
430,1aqlqba
431,1aqlfld
432,1aql6hp
433,1aqk3xg
434,1aqk1fy
435,1aqjlg9
436,1aqi8x6
437,1aqhzat
438,1aqhuw8
439,1aqhike
440,1aqhcvq
441,1aqglrc
442,1aqeq5p
443,1aqenjd
444,1aqdndv
445,1aqddf8
446,1aqbbdf
447,1aq94nx
448,1aq8n44
449,1aq8enp
450,1aq7ns9
451,1aq74s1
452,1aq5v7g
453,1apx5im
454,1apv053
455,1aptrqe
456,1apszps
457,1aprejw
458,1apqfk7
459,1appv1g
460,1apocjg
461,1apn7dy
462,1apn0c3
463,1apl0ry
464,1apmc3y
465,1apma8a
466,1apm74q
467,1aplvxk
468,1aplfeg
469,1apkpwu
470,1apjosh
471,1aphtmg
472,1aph27l
473,1apgcjr
474,1apf5lc
475,1apcd2l
476,1ap37r6
477,1ap1tih
478,1aozjj1
479,1aoyzxj
480,1aoyz1z
481,1aoxxhy
482,1aoxsra
483,1aowo5a
484,1aovwo1
485,1aouj74
486,1aotu76
487,1aosy69
488,1aosi1h
489,1aos613
490,1aoqqdr
491,1aoq8by
492,1aoq3u0
493,1aop8ce
494,1aooj3b
495,1aomeed
496,1aojsov
497,1aoak15
498,1ao99x2
499,1ao65vf
500,1ao5tfu
501,1ao4wth
502,1ao3e31
503,1ao3606
504,1ao28aj
505,1anxhz8
506,1anziyp
507,1anyydw
508,1anyhct
509,1anx28x
510,1anvt2u
511,1anrm56
512,1ankusk
513,1aniigs
514,1ani4m1
515,1anfjs8
516,1anef9y
517,1ane7zo
518,1andxzb
519,1anbwom
520,1anbnww
521,1an9ovh
522,1an9ngj
523,1an8idj
524,1an7tlt
525,1an76yr
526,1an5ppv
527,1an3z36
528,1an2nvt
529,1amzwug
530,1amrmuh
531,1amr6nr
532,1amqmh6
533,1amn8a7
534,1amkdp7
535,1ami8zp
536,1ami8bk
537,1amhnte
538,1amgggp
539,1amfvvo
540,1amfjbt
541,1ametec
542,1ame6qn
543,1amdndi
544,1amdbsg
545,1amc7ee
546,1ambycj
547,1ambvvt
548,1amb0mx
549,1am9kxl
550,1am7jgv
551,1am5m9j
552,1am55eu
553,1alypt5
554,1alxxo1
555,1alxuq3
556,1alx2di
557,1alwvme
558,1alwv4n
559,1alvhb3
560,1alussv
561,1aluntv
562,1altwp1
563,1alsm09
564,1alsknq
565,1alr8d7
566,1alr726
567,1alpru8
568,1alprfm
569,1alpje5
570,1alp9u1
571,1aloetu
572,1alnl45
573,1aln2ps
574,1almezi
575,1alltuc
576,1alln0w
577,1alli4t
578,1alk78e
579,1ali6mt
580,1algz0j
581,1aleysc
582,1al7nle
583,1al42d3
584,1al3ejd
585,1al09kp
586,1akznxp
587,1akz7ze
588,1akypca
589,1aky5ud
590,1akxnvj
591,1akxnay
592,1akxcla
593,1aku9wa
594,1akwjhc
595,1akvmiz
596,1akvan9
597,1akty4j
598,1aktdln
599,1akt1dh
600,1aks8h4
601,1akrx7n
602,1akqt46
603,1ako9xf
604,1akng6e
605,1akm0cb
606,1akcjxs
607,1akbfb6
608,1ak88jn
609,1ak846f
610,1ak6zqf
611,1ak6em1
612,1ak4ug7
613,1ak5ayx
614,1ak51xj
615,1ak4rfo
616,1ak4e7e
617,1ak3u3u
618,1ak2d4l
619,1ak1psl
620,1ak1mmp
621,1ajzwj4
622,1ajyvnx
623,1ajyl86
624,1ajxn50
625,1ajwwm0
626,1ajut55
627,1ajue1h
628,1ajsx1t
629,1ajj14p
630,1ajiyv9
631,1ajirno
632,1ajhc5i
633,1ajh5ir
634,1ajgy4i
635,1ajetb6
636,1ajenvn
637,1ajd51e
638,1ajcymv
639,1ajcs52
640,1ajcawg
641,1ajbyo9
642,1ajbr4y
643,1ajbmo9
644,1ajau53
645,1aja1ss
646,1aj9xvb
647,1aj9i5e
648,1aj9824
649,1aj93ek
650,1aj7ry0
651,1aj86ob
652,1aj833w
653,1aj617y
654,1aj5gt5
655,1aj5aun
656,1aj1708
657,1aj048p
658,1aizup0
659,1aiscly
660,1aipv1n
661,1ain8vc
662,1aimngb
663,1aimksd
664,1aimj5r
665,1ailu0c
666,1ailpdp
667,1ailmvd
668,1ail7uk
669,1aik7nm
670,1aijpos
671,1aijmw5
672,1aijipj
673,1aii9kp
674,1aii4v0
675,1aihc9s
676,1aig4is
677,1aiee92
678,1aie68q
679,1aicqge
680,1aickkn
681,1ai7fvo
682,1ai55y0
683,1ahzgof
684,1ai0vho
685,1ahyi0j
686,1ahxmyg
687,1ahwp6p
688,1ahtjgj
689,1ahqwgo
690,1ahpr3e
691,1ahnwqu
692,1ahn5tu
693,1ahlp2g
694,1ahlkj9
695,1ahkn7r
696,1ahkk88
697,1ahjro5
698,1ahfj6z
699,1ah93v4
700,1ah8kc0
701,1ah4cv2
702,1ah386j
703,1ah2pri
704,1ah2f4k
705,1ah29jj
706,1ah282u
707,1ah1eo1
708,1ah0zv7
709,1ah0aaj
710,1ah0a7m
711,1ah074u
712,1agz2b4
713,1agyzpm
714,1agysay
715,1agys01
716,1agxdur
717,1agvkfv
718,1aguo4d
719,1agulla
720,1agtj5x
721,1agtc85
722,1agriba
723,1agqvpz
724,1ago7kd
725,1agmxfh
726,1agd80w
727,1agcl0r
728,1agankb
729,1ag9gi8
730,1ag904e
731,1ag8695
732,1ag74ww
733,1ag6or2
734,1ag5j09
735,1ag4r2e
736,1ag4505
737,1ag2t9w
738,1ag1vcz
739,1ag1o20
740,1ag0ukz
741,1afz19k
742,1afyejd
743,1afy4yw
744,1afxi7d
745,1afwpnj
746,1afv2gi
747,1afu16a
748,1afpggq
749,1afm8pf
750,1afjxbp
751,1afh12e
752,1afguaq
753,1afg03w
754,1afflx8
755,1afefwn
756,1afe01c
757,1afdyrc
758,1afdspt
759,1afdgfr
760,1afd2tl
761,1afbqil
762,1afb22p
763,1afavs6
764,1af9ktl
765,1af9ihm
766,1af7pxq
767,1af6s8y
768,1af4yxs
769,1af4hpx
770,1af43dq
771,1af1xwr
772,1af14g2
773,1af0paw
774,1aeqfof
775,1aenake
776,1aeli4i
777,1aelcoj
778,1aekie5
779,1aekhco
780,1aekbbi
781,1aeizen
782,1aei9u5
783,1aegma3
784,1aefr0y
785,1aefppf
786,1aefkod
787,1aef1h9
788,1aea5ft
789,1ae9n5y
790,1ae9cxf
791,1ae8a61
792,1ae7j59
793,1ae0djj
794,1adyiky
795,1ady8n0
796,1adxz2a
797,1adx44u
798,1aduttz
799,1aduiky
800,1adu1b1
801,1adt5ye
802,1adsuuq
803,1adrv92
804,1adrv6r
805,1adrpmc
806,1adros0
807,1adrceu
808,1adpvn5
809,1adpt3c
810,1adps20
811,1adpkdn
812,1adp98p
813,1adobfp
814,1ado3xw
815,1admyf8
816,1adlx3x
817,1adjl12
818,1adhpxu
819,1adh0rk
820,1adfo0g
821,1adef2v
822,1ade8pn
823,1add7zk
824,1ad73ak
825,1ad25sz
826,1ad0wex
827,1ad0srm
828,1ad0gov
829,1acz2fh
830,1acxzq8
831,1acw78z
832,1acvzyo
833,1acvmu2
834,1acuszx
835,1actr62
836,1acsm8y
837,1acsakt
838,1acr6ac
839,1acqwl7
840,1acpvei
841,1acpuat
842,1acpb3t
843,1acp6ss
844,1acm75r
845,1acdqni
846,1acdp0h
847,1acau7y
848,1aca3jp
849,1ac9nfx
850,1ac695d
851,1ac8zp7
852,1ac5wka
853,1ac5wdl
854,1ac5vzv
855,1ac453y
856,1ac3akn
857,1ac3adx
858,1ac2e3g
859,1ac1vhi
860,1ac1q18
861,1abxx0d
862,1abx1wk
863,1abwr0f
864,1abu7t7
