submission_id,submission_title,submission_url
1b4ff0t,"US’s Singapore Envoy Is Said to Berate Staff, Waste Money",https://www.bloomberg.com/news/articles/2024-03-01/us-envoy-to-singapore-created-culture-of-fear-report-says
1b4eszt,What happened to the smartest kid/top scorer from your school?,https://www.reddit.com/r/singapore/comments/1b4eszt/what_happened_to_the_smartest_kidtop_scorer_from/
1b4cvlw,Commentary: Uproar over lantern festival and drone show cancellations highlight importance of good PR,https://www.channelnewsasia.com/commentary/sentosa-sky-lantern-festival-mbs-dragon-drone-show-cancel-postpone-refund-pr-communication-4163336
1b4cuvd,The Big Read: Malaysia's brain drain to Singapore — winners and losers in the long run not so clear-cut,https://www.todayonline.com/big-read/big-read-malaysias-brain-drain-singapore-winners-and-losers-long-run-not-so-clear-cut-2373721
1b4br3c,BBC: Bad blood over Singapore Taylor Swift tour subsidies,https://www.bbc.com/news/world-asia-68379688
1b4biez,"Dignity Kitchen hopes to raise $200,000 for restoration works after fire",https://www.straitstimes.com/singapore/dignity-kitchen-hopes-to-raise-200000-for-restoration-works-after-fire
1b46x6s,"/r/singapore random discussion and small questions thread for March 02, 2024",https://www.reddit.com/r/singapore/comments/1b46x6s/rsingapore_random_discussion_and_small_questions/
1b46kfs,"Singapore aims to build AI talent pool through accelerated masters programme, visiting professorships",https://www.channelnewsasia.com/singapore/singapore-artificial-intelligence-ai-talent-masters-programme-4162466
1b45mta,Forum: Naming the pre-schools allegedly involved in child abuse cases could lead to more accountability,https://www.straitstimes.com/opinion/forum/forum-naming-the-pre-schools-allegedly-involved-in-child-abuse-cases-could-lead-to-more-accountability
1b3zx0o,"Decathlon has stopped their lifetime refund and exchange policy for members, now limited to 365 days",https://i.redd.it/3d89l5vkbrlc1.png
1b3yt5c,Scam company Sterra is at it again,https://i.redd.it/frz5lvl24rlc1.jpeg
1b3y28h,What would you do if you were the Prime Minister of Singapore for a day?,https://www.reddit.com/r/singapore/comments/1b3y28h/what_would_you_do_if_you_were_the_prime_minister/
1b3w78v,Secondary school students to have one common national exam period from 2027,https://www.straitstimes.com/singapore/politics/secondary-school-students-to-have-one-common-national-exam-period-from-2027?utm_campaign=stfb&utm_medium=social&utm_source=facebook&fbclid=IwAR0RPndeyPHXBD_49sLZbMSf9xsGL1RPPfGHvuiROyOkFXbpnpm6skbshFw_aem_ATtJZxlKItl9rTgj-7ajw71H5YOpKQGBpKGbOA1zWapyzHYMgraEzItLkb786NL3_umcBPEk5vLFz4Rark2yUBeT
1b3ueff,Singapore studying digital infrastructure law to address 'security and resilience concerns',https://www.channelnewsasia.com/singapore/study-digital-infrastructure-law-security-resilience-concerns-4162516
1b3tujp,Govt subsidies for Taylor Swift's exclusive Singapore deal 'nowhere as high' as speculated: Edwin Tong,https://www.channelnewsasia.com/singapore/taylor-swift-concerts-edwin-tong-exclusive-singapore-deal-grant-4163341
1b3stu9,"Meta 'dismayed' by Singapore criticism over Facebook scams, says no one company can tackle them alone",https://www.channelnewsasia.com/singapore/facebook-scams-meta-dismayed-sun-xueling-statement-parliament-4163321?cid=internal_sharetool_iphone_01032024_cna
1b3soe3,"Over $7,000 for Taylor Swift: Meet the Singaporean Swifties travelling the world to watch the superstar",https://www.straitstimes.com/life/over-7000-for-taylor-swift-meet-the-singaporean-swifties-travelling-the-world-for-the-superstar
1b3s89b,"SPH Media put government funding to good use, but it still has 'considerable catch-up' to do: Josephine Teo",https://www.channelnewsasia.com/singapore/sph-media-put-government-funding-good-use-it-still-has-considerable-catch-do-josephine-teo-4163111
1b3s0ab,Taylor Swift's Asia Tour Stirs Some Bad Blood,https://www.wsj.com/arts-culture/music/singapore-to-taylor-swift-you-belong-with-me-39f271ac
1b3qr5p,Revenue collected by SLA from state properties significantly exceeds maintenance cost: MinLaw,https://www.straitstimes.com/singapore/politics/revenue-collected-by-sla-from-state-properties-significantly-exceeds-maintenance-cost-minlaw
1b3qows,"SkillsFuture courses can lead to learning, even 'happiness' outcomes: Experts",https://www.channelnewsasia.com/singapore/skillsfuture-courses-which-are-not-career-related-can-lead-learning-even-happiness-outcomes-experts-4159671
1b3qcy0,Singapore can’t shake off its ‘Swiftmania’,https://youtu.be/QDIKxcZTCbU?si=Lv5LtHzcu3wI30Tm
1b3pyq2,S'porean economist Li Shengwu gets tenure at Harvard University,https://mothership.sg/2024/03/li-shengwu-receives-tenure-harvard/?utm_source=whatsapp&utm_medium=referral&utm_campaign=ms
1b3pw27,"Court upholds death penalty, rejects heroin trafficker’s claim he thought it was cannabis",https://www.straitstimes.com/singapore/courts-crime/court-upholds-death-penalty-rejects-heroin-trafficker-s-claim-he-thought-it-was-cannabis
1b3pvlz,Sparks Fly in Southeast Asia Over Taylor Swift Only Performing in Singapore,https://time.com/6836711/taylor-swift-eras-tour-exclusive-singapore-southeast-asia-governments-reactions/
1b3pu5p,"To Batam, to Johor, before Singapore: South-east Asia’s Swifties go the extra mile",https://www.straitstimes.com/asia/se-asia/to-batam-to-johor-before-singapore-south-east-asia-s-swifties-go-the-extra-mile
1b3pt0y,Guys do you feel that the older generation is gradually getting shut out cos of the digitalisation of life in SG,https://www.reddit.com/r/singapore/comments/1b3pt0y/guys_do_you_feel_that_the_older_generation_is/
1b3nc03,A creep nudged his shoulder against mine on the train and I didn’t fight back,https://www.reddit.com/r/singapore/comments/1b3nc03/a_creep_nudged_his_shoulder_against_mine_on_the/
1b3mr5u,S'pore 'proactively' courted Taylor Swift even before international tour dates announced: Edwin Tong,https://mothership.sg/2024/03/spore-proactively-courted-taylor/
1b3mech,"Commentary: To raise fertility rates, Singapore needs to make parenthood seem less like the ultimate sacrifice",https://www.channelnewsasia.com/commentary/singapore-falling-fertility-birth-rate-parent-child-cost-stress-family-population-policy-4159716
1b3kgc5,Zero-calorie pearl milk tea? Bubble tea chain takes down ad that confused customers,https://www.straitstimes.com/singapore/zero-calorie-pearl-milk-tea-bubble-tea-chain-takes-down-ad-that-confused-customers
1b3k2bj,"Over 200,000 PolCams to be deployed islandwide by mid-2030s: Josephine Teo",https://mothership.sg/2024/03/over-200000-polcams-mid-2030s/
1b3jylx,"According to YouGov, a quarter of Singaporeans (24%) identify themselves as fans of Taylor Swift.  However, it’s the Gen Z cohort that leads the charge, with 42% identifying as either passionate or casual fans, surpassing millennials (32%) and Gen X (17%) by a significant margin.",https://i.redd.it/p6a2o3w34nlc1.jpeg
1b3jd2m,For whom are we defending Singapore? Heng Chee How asks after Gerald Giam suggests changing NS allowance to NS salary,https://www.asiaone.com/singapore/whom-are-we-defending-singapore-heng-chee-how-asks-after-gerald-giam-suggests-changing-national-service-allowance-salary-mindef-budget
1b3jahx,"ShopBack PayLater is being discontinued wef 22 Mar 2024 (previously ""APAC’s leading BNPL player"" hoolah, acquired in Nov 2021)",https://i.redd.it/2laxikmmxmlc1.jpeg